name,pagerank
A,0.5074781282804907
B,0.19250000063329936
C,0.2743125001899898
D,0.15000000000000002