Cycle,Case,Time
EKG Cycle,Case-01,35.912999999999954
Description Cycle,Case-01,86.60300000000007
EKG Cycle,Case-02,91.66399999999999
Description Cycle,Case-02,108.827
EKG Cycle,Case-03,31.611999999999966
Description Cycle,Case-03,41.75599999999997
EKG Cycle,Case-07,53.787000000000035
Description Cycle,Case-07,19.760999999999967
EKG Cycle,Case-08,121.55600000000004
Description Cycle,Case-08,56.115999999999985
EKG Cycle,Case-09,
Description Cycle,Case-09,
